case_id,has_mutations,mutations_file_count
"TCGA-05-4244, TCGA-05-4244",1,1
"TCGA-05-4249, TCGA-05-4249",1,1
"TCGA-05-4250, TCGA-05-4250",1,1
"TCGA-05-4382, TCGA-05-4382",1,1
"TCGA-05-4384, TCGA-05-4384",1,1
"TCGA-05-4389, TCGA-05-4389",1,1
"TCGA-05-4390, TCGA-05-4390",1,1
"TCGA-05-4395, TCGA-05-4395",1,1
"TCGA-05-4396, TCGA-05-4396",1,1
"TCGA-05-4397, TCGA-05-4397",1,1
"TCGA-05-4398, TCGA-05-4398",1,1
"TCGA-05-4402, TCGA-05-4402",1,1
"TCGA-05-4403, TCGA-05-4403",1,1
"TCGA-05-4405, TCGA-05-4405",1,1
"TCGA-05-4410, TCGA-05-4410",1,1
"TCGA-05-4415, TCGA-05-4415",1,1
"TCGA-05-4417, TCGA-05-4417",1,1
"TCGA-05-4418, TCGA-05-4418",1,1
"TCGA-05-4420, TCGA-05-4420",1,1
"TCGA-05-4422, TCGA-05-4422",1,1
"TCGA-05-4424, TCGA-05-4424",1,1
"TCGA-05-4425, TCGA-05-4425",1,1
"TCGA-05-4426, TCGA-05-4426",1,1
"TCGA-05-4427, TCGA-05-4427",1,1
"TCGA-05-4430, TCGA-05-4430",1,1
"TCGA-05-4432, TCGA-05-4432",1,1
"TCGA-05-4433, TCGA-05-4433",1,1
"TCGA-05-4434, TCGA-05-4434",1,1
"TCGA-05-5420, TCGA-05-5420",1,1
"TCGA-05-5423, TCGA-05-5423",1,1
"TCGA-05-5425, TCGA-05-5425",1,1
"TCGA-05-5428, TCGA-05-5428",1,1
"TCGA-05-5429, TCGA-05-5429",1,1
"TCGA-05-5715, TCGA-05-5715",1,1
"TCGA-17-Z000, TCGA-17-Z000",1,1
"TCGA-17-Z001, TCGA-17-Z001",1,1
"TCGA-17-Z002, TCGA-17-Z002",1,1
"TCGA-17-Z003, TCGA-17-Z003",1,1
"TCGA-17-Z004, TCGA-17-Z004",1,1
"TCGA-17-Z005, TCGA-17-Z005",1,1
"TCGA-17-Z007, TCGA-17-Z007",1,1
"TCGA-17-Z009, TCGA-17-Z009",1,1
"TCGA-17-Z010, TCGA-17-Z010",1,1
"TCGA-17-Z011, TCGA-17-Z011",1,1
"TCGA-17-Z013, TCGA-17-Z013",1,1
"TCGA-17-Z015, TCGA-17-Z015",1,1
"TCGA-17-Z016, TCGA-17-Z016",1,1
"TCGA-17-Z017, TCGA-17-Z017",1,1
"TCGA-17-Z018, TCGA-17-Z018",1,1
"TCGA-17-Z019, TCGA-17-Z019",1,1
"TCGA-17-Z020, TCGA-17-Z020",1,1
"TCGA-17-Z021, TCGA-17-Z021",1,1
"TCGA-17-Z022, TCGA-17-Z022",1,1
"TCGA-17-Z023, TCGA-17-Z023",1,1
"TCGA-17-Z025, TCGA-17-Z025",1,1
"TCGA-17-Z026, TCGA-17-Z026",1,1
"TCGA-17-Z027, TCGA-17-Z027",1,1
"TCGA-17-Z028, TCGA-17-Z028",1,1
"TCGA-17-Z030, TCGA-17-Z030",1,1
"TCGA-17-Z031, TCGA-17-Z031",1,1
"TCGA-17-Z032, TCGA-17-Z032",1,1
"TCGA-17-Z033, TCGA-17-Z033",1,1
"TCGA-17-Z036, TCGA-17-Z036",1,1
"TCGA-17-Z037, TCGA-17-Z037",1,1
"TCGA-17-Z041, TCGA-17-Z041",1,1
"TCGA-17-Z042, TCGA-17-Z042",1,1
"TCGA-17-Z043, TCGA-17-Z043",1,1
"TCGA-17-Z044, TCGA-17-Z044",1,1
"TCGA-17-Z045, TCGA-17-Z045",1,1
"TCGA-17-Z047, TCGA-17-Z047",1,1
"TCGA-17-Z048, TCGA-17-Z048",1,1
"TCGA-17-Z049, TCGA-17-Z049",1,1
"TCGA-17-Z050, TCGA-17-Z050",1,1
"TCGA-17-Z051, TCGA-17-Z051",1,1
"TCGA-17-Z052, TCGA-17-Z052",1,1
"TCGA-17-Z053, TCGA-17-Z053",1,1
"TCGA-17-Z054, TCGA-17-Z054",1,1
"TCGA-17-Z055, TCGA-17-Z055",1,1
"TCGA-17-Z056, TCGA-17-Z056",1,1
"TCGA-17-Z057, TCGA-17-Z057",1,1
"TCGA-17-Z058, TCGA-17-Z058",1,1
"TCGA-17-Z059, TCGA-17-Z059",1,1
"TCGA-17-Z061, TCGA-17-Z061",1,1
"TCGA-17-Z062, TCGA-17-Z062",1,1
"TCGA-35-4122, TCGA-35-4122",1,1
"TCGA-35-4123, TCGA-35-4123",1,1
"TCGA-35-5375, TCGA-35-5375",1,1
"TCGA-38-4625, TCGA-38-4625",1,1
"TCGA-38-4626, TCGA-38-4626",1,1
"TCGA-38-4627, TCGA-38-4627",1,1
"TCGA-38-4628, TCGA-38-4628",1,1
"TCGA-38-4629, TCGA-38-4629",1,1
"TCGA-38-4630, TCGA-38-4630",1,1
"TCGA-38-4631, TCGA-38-4631",1,1
"TCGA-38-4632, TCGA-38-4632",1,1
"TCGA-38-6178, TCGA-38-6178",1,1
"TCGA-38-7271, TCGA-38-7271",1,1
"TCGA-38-A44F, TCGA-38-A44F",1,1
"TCGA-44-2655, TCGA-44-2655",1,2
"TCGA-44-2656, TCGA-44-2656",1,6
"TCGA-44-2657, TCGA-44-2657",1,1
"TCGA-44-2661, TCGA-44-2661",1,1
"TCGA-44-2662, TCGA-44-2662",1,4
"TCGA-44-2665, TCGA-44-2665",1,4
"TCGA-44-2666, TCGA-44-2666",1,6
"TCGA-44-2668, TCGA-44-2668",1,4
"TCGA-44-3396, TCGA-44-3396",1,1
"TCGA-44-3398, TCGA-44-3398",1,1
"TCGA-44-3917, TCGA-44-3917",1,2
"TCGA-44-3918, TCGA-44-3918",1,3
"TCGA-44-3919, TCGA-44-3919",1,2
"TCGA-44-4112, TCGA-44-4112",1,6
"TCGA-44-5643, TCGA-44-5643",1,1
"TCGA-44-5644, TCGA-44-5644",1,1
"TCGA-44-5645, TCGA-44-5645",1,5
"TCGA-44-6144, TCGA-44-6144",1,1
"TCGA-44-6145, TCGA-44-6145",1,1
"TCGA-44-6146, TCGA-44-6146",1,5
"TCGA-44-6147, TCGA-44-6147",1,5
"TCGA-44-6148, TCGA-44-6148",1,1
"TCGA-44-6774, TCGA-44-6774",1,1
"TCGA-44-6775, TCGA-44-6775",1,5
"TCGA-44-6776, TCGA-44-6776",1,1
"TCGA-44-6777, TCGA-44-6777",1,1
"TCGA-44-6778, TCGA-44-6778",1,1
"TCGA-44-6779, TCGA-44-6779",1,1
"TCGA-44-7659, TCGA-44-7659",1,1
"TCGA-44-7660, TCGA-44-7660",1,1
"TCGA-44-7661, TCGA-44-7661",1,1
"TCGA-44-7662, TCGA-44-7662",1,1
"TCGA-44-7667, TCGA-44-7667",1,1
"TCGA-44-7669, TCGA-44-7669",1,1
"TCGA-44-7670, TCGA-44-7670",1,1
"TCGA-44-7671, TCGA-44-7671",1,1
"TCGA-44-7672, TCGA-44-7672",1,1
"TCGA-44-8117, TCGA-44-8117",1,1
"TCGA-44-8119, TCGA-44-8119",1,1
"TCGA-44-8120, TCGA-44-8120",1,1
"TCGA-44-A479, TCGA-44-A479",1,1
"TCGA-44-A47A, TCGA-44-A47A",1,1
"TCGA-44-A47B, TCGA-44-A47B",1,1
"TCGA-44-A47G, TCGA-44-A47G",1,1
"TCGA-44-A4SS, TCGA-44-A4SS",1,1
"TCGA-44-A4SU, TCGA-44-A4SU",1,1
"TCGA-49-4486, TCGA-49-4486",1,1
"TCGA-49-4487, TCGA-49-4487",1,1
"TCGA-49-4488, TCGA-49-4488",1,1
"TCGA-49-4490, TCGA-49-4490",1,1
"TCGA-49-4494, TCGA-49-4494",1,1
"TCGA-49-4501, TCGA-49-4501",1,1
"TCGA-49-4505, TCGA-49-4505",1,1
"TCGA-49-4506, TCGA-49-4506",1,1
"TCGA-49-4507, TCGA-49-4507",1,1
"TCGA-49-4510, TCGA-49-4510",1,1
"TCGA-49-4512, TCGA-49-4512",1,1
"TCGA-49-4514, TCGA-49-4514",1,1
"TCGA-49-6742, TCGA-49-6742",1,1
"TCGA-49-6743, TCGA-49-6743",1,1
"TCGA-49-6744, TCGA-49-6744",1,1
"TCGA-49-6745, TCGA-49-6745",1,1
"TCGA-49-6761, TCGA-49-6761",1,1
"TCGA-49-6767, TCGA-49-6767",1,1
"TCGA-49-AAQV, TCGA-49-AAQV",1,1
"TCGA-49-AAR0, TCGA-49-AAR0",1,1
"TCGA-49-AAR2, TCGA-49-AAR2",1,1
"TCGA-49-AAR3, TCGA-49-AAR3",1,1
"TCGA-49-AAR4, TCGA-49-AAR4",1,1
"TCGA-49-AAR9, TCGA-49-AAR9",1,1
"TCGA-49-AARE, TCGA-49-AARE",1,1
"TCGA-49-AARN, TCGA-49-AARN",1,1
"TCGA-49-AARO, TCGA-49-AARO",1,1
"TCGA-49-AARQ, TCGA-49-AARQ",1,1
"TCGA-49-AARR, TCGA-49-AARR",1,1
"TCGA-4B-A93V, TCGA-4B-A93V",1,1
"TCGA-50-5044, TCGA-50-5044",1,1
"TCGA-50-5045, TCGA-50-5045",1,1
"TCGA-50-5049, TCGA-50-5049",1,1
"TCGA-50-5051, TCGA-50-5051",1,1
"TCGA-50-5055, TCGA-50-5055",1,1
"TCGA-50-5066, TCGA-50-5066",1,2
"TCGA-50-5068, TCGA-50-5068",1,1
"TCGA-50-5072, TCGA-50-5072",1,1
"TCGA-50-5930, TCGA-50-5930",1,1
"TCGA-50-5931, TCGA-50-5931",1,1
"TCGA-50-5932, TCGA-50-5932",1,1
"TCGA-50-5933, TCGA-50-5933",1,1
"TCGA-50-5935, TCGA-50-5935",1,1
"TCGA-50-5936, TCGA-50-5936",1,1
"TCGA-50-5939, TCGA-50-5939",1,1
"TCGA-50-5941, TCGA-50-5941",1,1
"TCGA-50-5942, TCGA-50-5942",1,1
"TCGA-50-5944, TCGA-50-5944",1,1
"TCGA-50-5946, TCGA-50-5946",1,2
"TCGA-50-6590, TCGA-50-6590",1,1
"TCGA-50-6591, TCGA-50-6591",1,1
"TCGA-50-6592, TCGA-50-6592",1,1
"TCGA-50-6593, TCGA-50-6593",1,1
"TCGA-50-6594, TCGA-50-6594",1,1
"TCGA-50-6595, TCGA-50-6595",1,1
"TCGA-50-6597, TCGA-50-6597",1,1
"TCGA-50-6673, TCGA-50-6673",1,1
"TCGA-50-7109, TCGA-50-7109",1,1
"TCGA-50-8457, TCGA-50-8457",1,1
"TCGA-50-8459, TCGA-50-8459",1,1
"TCGA-50-8460, TCGA-50-8460",1,1
"TCGA-53-7624, TCGA-53-7624",1,1
"TCGA-53-7626, TCGA-53-7626",1,1
"TCGA-53-7813, TCGA-53-7813",1,1
"TCGA-53-A4EZ, TCGA-53-A4EZ",1,1
"TCGA-55-1592, TCGA-55-1592",1,2
"TCGA-55-1594, TCGA-55-1594",1,2
"TCGA-55-1595, TCGA-55-1595",1,1
"TCGA-55-1596, TCGA-55-1596",1,2
"TCGA-55-5899, TCGA-55-5899",1,1
"TCGA-55-6543, TCGA-55-6543",1,1
"TCGA-55-6642, TCGA-55-6642",1,1
"TCGA-55-6712, TCGA-55-6712",1,1
"TCGA-55-6968, TCGA-55-6968",1,1
"TCGA-55-6969, TCGA-55-6969",1,1
"TCGA-55-6970, TCGA-55-6970",1,1
"TCGA-55-6971, TCGA-55-6971",1,1
"TCGA-55-6972, TCGA-55-6972",1,1
"TCGA-55-6975, TCGA-55-6975",1,1
"TCGA-55-6978, TCGA-55-6978",1,1
"TCGA-55-6979, TCGA-55-6979",1,1
"TCGA-55-6980, TCGA-55-6980",1,1
"TCGA-55-6981, TCGA-55-6981",1,1
"TCGA-55-6982, TCGA-55-6982",1,1
"TCGA-55-6983, TCGA-55-6983",1,1
"TCGA-55-6984, TCGA-55-6984",1,1
"TCGA-55-6985, TCGA-55-6985",1,1
"TCGA-55-6986, TCGA-55-6986",1,1
"TCGA-55-6987, TCGA-55-6987",1,1
"TCGA-55-7227, TCGA-55-7227",1,1
"TCGA-55-7281, TCGA-55-7281",1,1
"TCGA-55-7283, TCGA-55-7283",1,1
"TCGA-55-7284, TCGA-55-7284",1,1
"TCGA-55-7570, TCGA-55-7570",1,1
"TCGA-55-7573, TCGA-55-7573",1,1
"TCGA-55-7574, TCGA-55-7574",1,1
"TCGA-55-7576, TCGA-55-7576",1,1
"TCGA-55-7724, TCGA-55-7724",1,1
"TCGA-55-7725, TCGA-55-7725",1,1
"TCGA-55-7726, TCGA-55-7726",1,1
"TCGA-55-7727, TCGA-55-7727",1,1
"TCGA-55-7728, TCGA-55-7728",1,1
"TCGA-55-7815, TCGA-55-7815",1,1
"TCGA-55-7816, TCGA-55-7816",1,1
"TCGA-55-7903, TCGA-55-7903",1,1
"TCGA-55-7907, TCGA-55-7907",1,1
"TCGA-55-7910, TCGA-55-7910",1,1
"TCGA-55-7911, TCGA-55-7911",1,1
"TCGA-55-7913, TCGA-55-7913",1,1
"TCGA-55-7914, TCGA-55-7914",1,1
"TCGA-55-7994, TCGA-55-7994",1,1
"TCGA-55-7995, TCGA-55-7995",1,1
"TCGA-55-8085, TCGA-55-8085",1,1
"TCGA-55-8087, TCGA-55-8087",1,1
"TCGA-55-8089, TCGA-55-8089",1,1
"TCGA-55-8090, TCGA-55-8090",1,1
"TCGA-55-8091, TCGA-55-8091",1,1
"TCGA-55-8092, TCGA-55-8092",1,1
"TCGA-55-8094, TCGA-55-8094",1,1
"TCGA-55-8096, TCGA-55-8096",1,1
"TCGA-55-8097, TCGA-55-8097",1,1
"TCGA-55-8203, TCGA-55-8203",1,1
"TCGA-55-8204, TCGA-55-8204",1,1
"TCGA-55-8205, TCGA-55-8205",1,1
"TCGA-55-8206, TCGA-55-8206",1,1
"TCGA-55-8207, TCGA-55-8207",1,1
"TCGA-55-8208, TCGA-55-8208",1,1
"TCGA-55-8299, TCGA-55-8299",1,1
"TCGA-55-8301, TCGA-55-8301",1,1
"TCGA-55-8302, TCGA-55-8302",1,1
"TCGA-55-8506, TCGA-55-8506",1,1
"TCGA-55-8507, TCGA-55-8507",1,1
"TCGA-55-8508, TCGA-55-8508",1,1
"TCGA-55-8510, TCGA-55-8510",1,1
"TCGA-55-8511, TCGA-55-8511",1,1
"TCGA-55-8512, TCGA-55-8512",1,1
"TCGA-55-8513, TCGA-55-8513",1,1
"TCGA-55-8514, TCGA-55-8514",1,1
"TCGA-55-8614, TCGA-55-8614",1,1
"TCGA-55-8615, TCGA-55-8615",1,1
"TCGA-55-8616, TCGA-55-8616",1,1
"TCGA-55-8619, TCGA-55-8619",1,1
"TCGA-55-8620, TCGA-55-8620",1,1
"TCGA-55-8621, TCGA-55-8621",1,1
"TCGA-55-A48X, TCGA-55-A48X",1,1
"TCGA-55-A48Y, TCGA-55-A48Y",1,1
"TCGA-55-A48Z, TCGA-55-A48Z",1,1
"TCGA-55-A490, TCGA-55-A490",1,1
"TCGA-55-A491, TCGA-55-A491",1,1
"TCGA-55-A492, TCGA-55-A492",1,1
"TCGA-55-A493, TCGA-55-A493",1,1
"TCGA-55-A494, TCGA-55-A494",1,1
"TCGA-55-A4DF, TCGA-55-A4DF",1,1
"TCGA-55-A4DG, TCGA-55-A4DG",1,1
"TCGA-55-A57B, TCGA-55-A57B",1,1
"TCGA-62-8394, TCGA-62-8394",1,1
"TCGA-62-8395, TCGA-62-8395",1,1
"TCGA-62-8397, TCGA-62-8397",1,1
"TCGA-62-8398, TCGA-62-8398",1,1
"TCGA-62-8399, TCGA-62-8399",1,1
"TCGA-62-8402, TCGA-62-8402",1,1
"TCGA-62-A46O, TCGA-62-A46O",1,1
"TCGA-62-A46P, TCGA-62-A46P",1,1
"TCGA-62-A46R, TCGA-62-A46R",1,1
"TCGA-62-A46S, TCGA-62-A46S",1,1
"TCGA-62-A46U, TCGA-62-A46U",1,1
"TCGA-62-A46V, TCGA-62-A46V",1,1
"TCGA-62-A46Y, TCGA-62-A46Y",1,1
"TCGA-62-A470, TCGA-62-A470",1,1
"TCGA-62-A471, TCGA-62-A471",1,1
"TCGA-62-A472, TCGA-62-A472",1,1
"TCGA-64-1676, TCGA-64-1676",1,2
"TCGA-64-1677, TCGA-64-1677",1,1
"TCGA-64-1678, TCGA-64-1678",1,1
"TCGA-64-1679, TCGA-64-1679",1,1
"TCGA-64-1680, TCGA-64-1680",1,2
"TCGA-64-1681, TCGA-64-1681",1,1
"TCGA-64-5774, TCGA-64-5774",1,1
"TCGA-64-5775, TCGA-64-5775",1,1
"TCGA-64-5778, TCGA-64-5778",1,1
"TCGA-64-5779, TCGA-64-5779",1,1
"TCGA-64-5781, TCGA-64-5781",1,1
"TCGA-64-5815, TCGA-64-5815",1,1
"TCGA-67-3770, TCGA-67-3770",1,2
"TCGA-67-3771, TCGA-67-3771",1,2
"TCGA-67-3773, TCGA-67-3773",1,1
"TCGA-67-3774, TCGA-67-3774",1,2
"TCGA-67-4679, TCGA-67-4679",1,1
"TCGA-67-6215, TCGA-67-6215",1,1
"TCGA-67-6216, TCGA-67-6216",1,1
"TCGA-67-6217, TCGA-67-6217",1,1
"TCGA-69-7760, TCGA-69-7760",1,1
"TCGA-69-7761, TCGA-69-7761",1,1
"TCGA-69-7763, TCGA-69-7763",1,1
"TCGA-69-7764, TCGA-69-7764",1,1
"TCGA-69-7765, TCGA-69-7765",1,1
"TCGA-69-7973, TCGA-69-7973",1,1
"TCGA-69-7974, TCGA-69-7974",1,1
"TCGA-69-7978, TCGA-69-7978",1,1
"TCGA-69-7979, TCGA-69-7979",1,1
"TCGA-69-7980, TCGA-69-7980",1,1
"TCGA-69-8253, TCGA-69-8253",1,1
"TCGA-69-8254, TCGA-69-8254",1,1
"TCGA-69-8255, TCGA-69-8255",1,1
"TCGA-69-A59K, TCGA-69-A59K",1,1
"TCGA-71-6725, TCGA-71-6725",1,1
"TCGA-71-8520, TCGA-71-8520",1,1
"TCGA-73-4658, TCGA-73-4658",1,1
"TCGA-73-4659, TCGA-73-4659",1,1
"TCGA-73-4662, TCGA-73-4662",1,1
"TCGA-73-4666, TCGA-73-4666",1,1
"TCGA-73-4668, TCGA-73-4668",1,1
"TCGA-73-4670, TCGA-73-4670",1,1
"TCGA-73-4675, TCGA-73-4675",1,1
"TCGA-73-4676, TCGA-73-4676",1,1
"TCGA-73-4677, TCGA-73-4677",1,1
"TCGA-73-7498, TCGA-73-7498",1,1
"TCGA-73-7499, TCGA-73-7499",1,1
"TCGA-73-A9RS, TCGA-73-A9RS",1,1
"TCGA-75-5122, TCGA-75-5122",1,1
"TCGA-75-5125, TCGA-75-5125",1,1
"TCGA-75-5126, TCGA-75-5126",1,1
"TCGA-75-5146, TCGA-75-5146",1,1
"TCGA-75-5147, TCGA-75-5147",1,1
"TCGA-75-6203, TCGA-75-6203",1,1
"TCGA-75-6205, TCGA-75-6205",1,1
"TCGA-75-6206, TCGA-75-6206",1,1
"TCGA-75-6207, TCGA-75-6207",1,1
"TCGA-75-6211, TCGA-75-6211",1,1
"TCGA-75-6212, TCGA-75-6212",1,1
"TCGA-75-6214, TCGA-75-6214",1,1
"TCGA-75-7025, TCGA-75-7025",1,1
"TCGA-75-7027, TCGA-75-7027",1,1
"TCGA-75-7030, TCGA-75-7030",1,1
"TCGA-75-7031, TCGA-75-7031",1,1
"TCGA-78-7145, TCGA-78-7145",1,1
"TCGA-78-7146, TCGA-78-7146",1,1
"TCGA-78-7147, TCGA-78-7147",1,1
"TCGA-78-7148, TCGA-78-7148",1,1
"TCGA-78-7149, TCGA-78-7149",1,1
"TCGA-78-7150, TCGA-78-7150",1,1
"TCGA-78-7152, TCGA-78-7152",1,1
"TCGA-78-7153, TCGA-78-7153",1,1
"TCGA-78-7154, TCGA-78-7154",1,1
"TCGA-78-7155, TCGA-78-7155",1,1
"TCGA-78-7156, TCGA-78-7156",1,1
"TCGA-78-7158, TCGA-78-7158",1,1
"TCGA-78-7159, TCGA-78-7159",1,1
"TCGA-78-7160, TCGA-78-7160",1,1
"TCGA-78-7161, TCGA-78-7161",1,1
"TCGA-78-7162, TCGA-78-7162",1,1
"TCGA-78-7163, TCGA-78-7163",1,1
"TCGA-78-7166, TCGA-78-7166",1,1
"TCGA-78-7167, TCGA-78-7167",1,1
"TCGA-78-7220, TCGA-78-7220",1,1
"TCGA-78-7535, TCGA-78-7535",1,1
"TCGA-78-7536, TCGA-78-7536",1,1
"TCGA-78-7537, TCGA-78-7537",1,1
"TCGA-78-7539, TCGA-78-7539",1,1
"TCGA-78-7540, TCGA-78-7540",1,1
"TCGA-78-7542, TCGA-78-7542",1,1
"TCGA-78-7633, TCGA-78-7633",1,1
"TCGA-78-8640, TCGA-78-8640",1,1
"TCGA-78-8648, TCGA-78-8648",1,1
"TCGA-78-8655, TCGA-78-8655",1,1
"TCGA-78-8660, TCGA-78-8660",1,1
"TCGA-78-8662, TCGA-78-8662",1,1
"TCGA-80-5607, TCGA-80-5607",1,1
"TCGA-80-5608, TCGA-80-5608",1,1
"TCGA-80-5611, TCGA-80-5611",1,1
"TCGA-83-5908, TCGA-83-5908",1,1
"TCGA-86-6562, TCGA-86-6562",1,1
"TCGA-86-6851, TCGA-86-6851",1,1
"TCGA-86-7701, TCGA-86-7701",1,1
"TCGA-86-7711, TCGA-86-7711",1,1
"TCGA-86-7713, TCGA-86-7713",1,1
"TCGA-86-7714, TCGA-86-7714",1,1
"TCGA-86-7953, TCGA-86-7953",1,1
"TCGA-86-7954, TCGA-86-7954",1,1
"TCGA-86-7955, TCGA-86-7955",1,1
"TCGA-86-8054, TCGA-86-8054",1,1
"TCGA-86-8055, TCGA-86-8055",1,1
"TCGA-86-8056, TCGA-86-8056",1,1
"TCGA-86-8073, TCGA-86-8073",1,1
"TCGA-86-8074, TCGA-86-8074",1,1
"TCGA-86-8075, TCGA-86-8075",1,1
"TCGA-86-8076, TCGA-86-8076",1,1
"TCGA-86-8278, TCGA-86-8278",1,1
"TCGA-86-8279, TCGA-86-8279",1,1
"TCGA-86-8280, TCGA-86-8280",1,1
"TCGA-86-8281, TCGA-86-8281",1,1
"TCGA-86-8359, TCGA-86-8359",1,1
"TCGA-86-8585, TCGA-86-8585",1,1
"TCGA-86-8668, TCGA-86-8668",1,1
"TCGA-86-8669, TCGA-86-8669",1,1
"TCGA-86-8671, TCGA-86-8671",1,1
"TCGA-86-8672, TCGA-86-8672",1,1
"TCGA-86-8673, TCGA-86-8673",1,1
"TCGA-86-8674, TCGA-86-8674",1,1
"TCGA-86-A456, TCGA-86-A456",1,1
"TCGA-86-A4D0, TCGA-86-A4D0",1,1
"TCGA-86-A4JF, TCGA-86-A4JF",1,1
"TCGA-86-A4P7, TCGA-86-A4P7",1,1
"TCGA-86-A4P8, TCGA-86-A4P8",1,1
"TCGA-91-6828, TCGA-91-6828",1,1
"TCGA-91-6829, TCGA-91-6829",1,1
"TCGA-91-6830, TCGA-91-6830",1,1
"TCGA-91-6831, TCGA-91-6831",1,1
"TCGA-91-6835, TCGA-91-6835",1,1
"TCGA-91-6836, TCGA-91-6836",1,1
"TCGA-91-6840, TCGA-91-6840",1,1
"TCGA-91-6847, TCGA-91-6847",1,1
"TCGA-91-6848, TCGA-91-6848",1,1
"TCGA-91-6849, TCGA-91-6849",1,1
"TCGA-91-7771, TCGA-91-7771",1,1
"TCGA-91-8496, TCGA-91-8496",1,1
"TCGA-91-8497, TCGA-91-8497",1,1
"TCGA-91-8499, TCGA-91-8499",1,1
"TCGA-91-A4BC, TCGA-91-A4BC",1,1
"TCGA-91-A4BD, TCGA-91-A4BD",1,1
"TCGA-93-7347, TCGA-93-7347",1,1
"TCGA-93-7348, TCGA-93-7348",1,1
"TCGA-93-8067, TCGA-93-8067",1,3
"TCGA-93-A4JN, TCGA-93-A4JN",1,1
"TCGA-93-A4JO, TCGA-93-A4JO",1,1
"TCGA-93-A4JP, TCGA-93-A4JP",1,3
"TCGA-93-A4JQ, TCGA-93-A4JQ",1,1
"TCGA-95-7039, TCGA-95-7039",1,1
"TCGA-95-7043, TCGA-95-7043",1,1
"TCGA-95-7562, TCGA-95-7562",1,1
"TCGA-95-7567, TCGA-95-7567",1,1
"TCGA-95-7944, TCGA-95-7944",1,1
"TCGA-95-7947, TCGA-95-7947",1,1
"TCGA-95-7948, TCGA-95-7948",1,1
"TCGA-95-8039, TCGA-95-8039",1,1
"TCGA-95-8494, TCGA-95-8494",1,1
"TCGA-95-A4VK, TCGA-95-A4VK",1,1
"TCGA-95-A4VN, TCGA-95-A4VN",1,1
"TCGA-95-A4VP, TCGA-95-A4VP",1,1
"TCGA-97-7546, TCGA-97-7546",1,1
"TCGA-97-7547, TCGA-97-7547",1,1
"TCGA-97-7552, TCGA-97-7552",1,1
"TCGA-97-7553, TCGA-97-7553",1,1
"TCGA-97-7554, TCGA-97-7554",1,1
"TCGA-97-7937, TCGA-97-7937",1,1
"TCGA-97-7938, TCGA-97-7938",1,1
"TCGA-97-7941, TCGA-97-7941",1,1
"TCGA-97-8171, TCGA-97-8171",1,1
"TCGA-97-8172, TCGA-97-8172",1,1
"TCGA-97-8174, TCGA-97-8174",1,1
"TCGA-97-8175, TCGA-97-8175",1,1
"TCGA-97-8176, TCGA-97-8176",1,1
"TCGA-97-8177, TCGA-97-8177",1,1
"TCGA-97-8179, TCGA-97-8179",1,1
"TCGA-97-8547, TCGA-97-8547",1,1
"TCGA-97-8552, TCGA-97-8552",1,1
"TCGA-97-A4LX, TCGA-97-A4LX",1,1
"TCGA-97-A4M0, TCGA-97-A4M0",1,1
"TCGA-97-A4M1, TCGA-97-A4M1",1,1
"TCGA-97-A4M3, TCGA-97-A4M3",1,1
"TCGA-97-A4M5, TCGA-97-A4M5",1,1
"TCGA-97-A4M6, TCGA-97-A4M6",1,1
"TCGA-97-A4M7, TCGA-97-A4M7",1,1
"TCGA-99-7458, TCGA-99-7458",1,1
"TCGA-99-8025, TCGA-99-8025",1,1
"TCGA-99-8028, TCGA-99-8028",1,1
"TCGA-99-8032, TCGA-99-8032",1,1
"TCGA-99-8033, TCGA-99-8033",1,1
"TCGA-99-AA5R, TCGA-99-AA5R",1,1
"TCGA-J2-8192, TCGA-J2-8192",1,1
"TCGA-J2-8194, TCGA-J2-8194",1,1
"TCGA-J2-A4AD, TCGA-J2-A4AD",1,1
"TCGA-J2-A4AE, TCGA-J2-A4AE",1,1
"TCGA-J2-A4AG, TCGA-J2-A4AG",1,1
"TCGA-L4-A4E5, TCGA-L4-A4E5",1,1
"TCGA-L4-A4E6, TCGA-L4-A4E6",1,1
"TCGA-L9-A443, TCGA-L9-A443",1,1
"TCGA-L9-A444, TCGA-L9-A444",1,1
"TCGA-L9-A50W, TCGA-L9-A50W",1,1
"TCGA-L9-A5IP, TCGA-L9-A5IP",1,1
"TCGA-L9-A743, TCGA-L9-A743",1,1
"TCGA-L9-A7SV, TCGA-L9-A7SV",1,1
"TCGA-L9-A8F4, TCGA-L9-A8F4",1,1
"TCGA-MN-A4N1, TCGA-MN-A4N1",1,1
"TCGA-MN-A4N4, TCGA-MN-A4N4",1,1
"TCGA-MN-A4N5, TCGA-MN-A4N5",1,1
"TCGA-MP-A4SV, TCGA-MP-A4SV",1,1
"TCGA-MP-A4SW, TCGA-MP-A4SW",1,1
"TCGA-MP-A4SY, TCGA-MP-A4SY",1,1
"TCGA-MP-A4T2, TCGA-MP-A4T2",1,1
"TCGA-MP-A4T4, TCGA-MP-A4T4",1,1
"TCGA-MP-A4T6, TCGA-MP-A4T6",1,1
"TCGA-MP-A4T7, TCGA-MP-A4T7",1,1
"TCGA-MP-A4T8, TCGA-MP-A4T8",1,1
"TCGA-MP-A4T9, TCGA-MP-A4T9",1,1
"TCGA-MP-A4TA, TCGA-MP-A4TA",1,1
"TCGA-MP-A4TC, TCGA-MP-A4TC",1,1
"TCGA-MP-A4TD, TCGA-MP-A4TD",1,1
"TCGA-MP-A4TE, TCGA-MP-A4TE",1,1
"TCGA-MP-A4TF, TCGA-MP-A4TF",1,1
"TCGA-MP-A4TH, TCGA-MP-A4TH",1,1
"TCGA-MP-A4TJ, TCGA-MP-A4TJ",1,1
"TCGA-MP-A4TK, TCGA-MP-A4TK",1,1
"TCGA-MP-A5C7, TCGA-MP-A5C7",1,1
"TCGA-NJ-A4YF, TCGA-NJ-A4YF",1,1
"TCGA-NJ-A4YG, TCGA-NJ-A4YG",1,1
"TCGA-NJ-A4YI, TCGA-NJ-A4YI",1,1
"TCGA-NJ-A4YP, TCGA-NJ-A4YP",1,1
"TCGA-NJ-A4YQ, TCGA-NJ-A4YQ",1,1
"TCGA-NJ-A55A, TCGA-NJ-A55A",1,1
"TCGA-NJ-A55O, TCGA-NJ-A55O",1,1
"TCGA-NJ-A55R, TCGA-NJ-A55R",1,1
"TCGA-NJ-A7XG, TCGA-NJ-A7XG",1,1
"TCGA-O1-A52J, TCGA-O1-A52J",1,1
"TCGA-S2-AA1A, TCGA-S2-AA1A",1,1
